{
	"successful": true,
	"resultValue": {
		"nodes": [{
				"id": "1",
				"route": "/",
				"text": "首页",
				"hasChildren": false
			}, {
			"id": "2",
			"route": "/organizational",
			"text": "组织管理",
			"hasChildren": true,
			"childNodes": [{
				"id": "21",
				"route": "/organizational/department",
				"text": "部门管理",
				"hasChildren": false
			}, {
				"id": "22",
				"route": "/organizational/employee",
				"text": "员工管理",
				"hasChildren": false
			}]
		}, {
			"id": "4",
			"route": "/system1",
			"text": "系统管理",
			"url": "",
			"hasChildren": true,
			"childNodes": [{
				"id": "4",
				"route": "/system1/menu4",
				"text": "菜单",
				"hasChildren": true,
				"childNodes": [{
					"id": "41",
					"route": "/system1/menu4/menu41",
					"text": "菜单一",
					"hasChildren": false
				}, {
					"id": "42",
					"route": "/system1/menu4/menu42",
					"text": "菜单2",
					"hasChildren": false
				}]
			}]
		}]
	}
}